﻿pos_x,pos_y,rotation,side,designator,mpn,pack,footprint,value,mount_type,place
76.454,-76.581,180.0,bottom,C1,CC0603JRNPO9BN470,,C_0603_1608Metric,47pF,smt,True
97.028,-142.621,90.0,bottom,C10,CC0603KRX7R8BB105,,C_0603_1608Metric,1uF,smt,True
98.933,-147.193,-90.0,bottom,C11,CC0603KRX7R9BB104,,C_0603_1608Metric,100nF,smt,True
88.9,-148.844,180.0,bottom,C12,CC0603KRX7R8BB105,,C_0603_1608Metric,1uF,smt,True
90.043,-86.614,180.0,bottom,C13,CC0603JRNPO9BN470,,C_0603_1608Metric,47pF,smt,True
104.775,-86.868,90.0,bottom,C14,CC0603JRNPO9BN470,,C_0603_1608Metric,47pF,smt,True
101.219,-102.235,180.0,bottom,C15,CC0603KRX7R9BB104,,C_0603_1608Metric,100nF,smt,True
92.202,-102.235,180.0,bottom,C16,CC0603KRX7R9BB104,,C_0603_1608Metric,100nF,smt,True
80.772,-77.724,180.0,bottom,C17,CC0603KRX7R9BB104,,C_0603_1608Metric,100nF,smt,True
84.709,-77.724,180.0,bottom,C18,CC0603KRX7R9BB104,,C_0603_1608Metric,100nF,smt,True
91.694,-83.693,90.0,bottom,C19,CC0603KRX7R9BB104,,C_0603_1608Metric,100nF,smt,True
89.916,-72.009,180.0,bottom,C2,CC0603JRNPO9BN470,,C_0603_1608Metric,47pF,smt,True
101.727,-83.439,-90.0,bottom,C20,CC0603KRX7R9BB104,,C_0603_1608Metric,100nF,smt,True
109.474,-58.801,90.0,bottom,C21,865250442003,,CP_Elec_5x5.3,10uF,smt,True
84.074,-59.055,90.0,bottom,C22,865250442003,,CP_Elec_5x5.3,10uF,smt,True
111.8108,-73.3298,-90.0,bottom,C23,865250442003,,CP_Elec_5x5.3,10uF,smt,True
116.459,-99.06,0.0,bottom,C24,CC0603KRX7R9BB104,,C_0603_1608Metric,100nF,smt,True
105.918,-94.869,0.0,bottom,C25,CC0603KRX7R9BB104,,C_0603_1608Metric,100nF,smt,True
86.487,-95.504,0.0,bottom,C26,CC0603KRX7R9BB104,,C_0603_1608Metric,100nF,smt,True
77.216,-98.933,0.0,bottom,C27,CC0603KRX7R9BB104,,C_0603_1608Metric,100nF,smt,True
76.454,-67.691,180.0,bottom,C3,CC0603JRNPO9BN470,,C_0603_1608Metric,47pF,smt,True
75.859,-147.701,0.0,bottom,C4,B32529C0105K189,,C_Rect_L7.2mm_W4.5mm_P5.00mm_FKS2_FKP2_MKS2_MKP2,1uF,tht,True
76.327,-138.47,-90.0,bottom,C5,B32529C0105K189,,C_Rect_L7.2mm_W4.5mm_P5.00mm_FKS2_FKP2_MKS2_MKP2,1uF,tht,True
92.242,-131.445,0.0,bottom,C6,B32529C0105K189,,C_Rect_L7.2mm_W4.5mm_P5.00mm_FKS2_FKP2_MKS2_MKP2,1uF,tht,True
92.242,-136.779,0.0,bottom,C7,B32529C0105K189,,C_Rect_L7.2mm_W4.5mm_P5.00mm_FKS2_FKP2_MKS2_MKP2,1uF,tht,True
89.408,-145.669,-90.0,bottom,C8,CC0603KRX7R8BB105,,C_0603_1608Metric,1uF,smt,True
91.186,-142.113,180.0,bottom,C9,CC0603KRX7R8BB105,,C_0603_1608Metric,1uF,smt,True
101.219,-100.33,180.0,bottom,D1,1N4148WS-7-F,,D_SOD-323,1N4148,smt,True
81.788,-112.141,90.0,bottom,D10,1N4148WS-7-F,,D_SOD-323,1N4148,smt,True
86.36,-112.141,90.0,bottom,D11,1N4148WS-7-F,,D_SOD-323,1N4148,smt,True
90.043,-124.714,90.0,top,D12,151031VS04000,,LED_D3.0mm,GREEN,tht,True
84.074,-124.714,90.0,top,D13,151031YS06000,,LED_D3.0mm,YELLOW,tht,True
78.105,-124.714,90.0,top,D14,151031SS04000,,LED_D3.0mm,RED,tht,True
109.474,-112.141,90.0,bottom,D2,1N4148WS-7-F,,D_SOD-323,1N4148,smt,True
111.76,-112.141,90.0,bottom,D3,1N4148WS-7-F,,D_SOD-323,1N4148,smt,True
107.188,-112.141,90.0,bottom,D4,1N4148WS-7-F,,D_SOD-323,1N4148,smt,True
103.505,-124.714,90.0,top,D5,151031VS04000,,LED_D3.0mm,GREEN,tht,True
109.474,-124.714,90.0,top,D6,151031YS06000,,LED_D3.0mm,YELLOW,tht,True
115.443,-124.714,90.0,top,D7,151031SS04000,,LED_D3.0mm,RED,tht,True
92.202,-100.33,180.0,bottom,D8,1N4148WS-7-F,,D_SOD-323,1N4148,smt,True
84.074,-112.141,90.0,bottom,D9,1N4148WS-7-F,,D_SOD-323,1N4148,smt,True
80.104,-155.194,90.0,top,J1,WQP518MA,,thonkiconn,thonkiconn,smt,True
96.774,-155.194,-90.0,top,J2,WQP518MA,,thonkiconn,thonkiconn,smt,True
113.571,-155.194,-90.0,top,J3,WQP518MA,,thonkiconn,thonkiconn,smt,True
109.362,-147.955,-90.0,bottom,J4,,,PinHeader_1x03_P2.54mm_Vertical,Conn_01x03,tht,True
96.52,-66.675,180.0,bottom,J6,3020-16-0100-00,,eurorack_16,euro_power_16,tht,True
76.454,-73.025,180.0,bottom,R1,RC0603FR-07100KL,,R_0603_1608Metric,100k,smt,True
115.824,-65.024,180.0,bottom,R10,RC0603FR-0710KL,,R_0603_1608Metric,10k,smt,True
108.458,-86.995,-90.0,bottom,R11,RC0603FR-0710KL,,R_0603_1608Metric,10k,smt,True
112.014,-86.995,-90.0,bottom,R12,RC0603FR-0710KL,,R_0603_1608Metric,10k,smt,True
104.775,-112.014,-90.0,bottom,R13,RC0603FR-0710KL,,R_0603_1608Metric,10k,smt,True
115.824,-115.824,180.0,bottom,R14,RC0603FR-0710KL,,R_0603_1608Metric,10k,smt,True
95.885,-91.071,90.0,bottom,R15,RC0603FR-07100KL,,R_0603_1608Metric,100k,smt,True
94.234,-91.071,90.0,bottom,R16,RC0603FR-07100KL,,R_0603_1608Metric,100k,smt,True
92.583,-91.059,90.0,bottom,R17,RC0603FR-07100KL,,R_0603_1608Metric,100k,smt,True
97.663,-91.059,90.0,bottom,R18,RC0603FR-07100KL,,R_0603_1608Metric,100k,smt,True
100.965,-91.059,90.0,bottom,R19,RC0603FR-07100KL,,R_0603_1608Metric,100k,smt,True
89.916,-70.231,180.0,bottom,R2,RC0603FR-07100KL,,R_0603_1608Metric,100k,smt,True
99.314,-91.059,90.0,bottom,R20,RC0603FR-07100KL,,R_0603_1608Metric,100k,smt,True
90.043,-88.265,180.0,bottom,R21,RC0603FR-07100KL,,R_0603_1608Metric,100k,smt,True
103.124,-86.868,90.0,bottom,R22,RC0603FR-07100KL,,R_0603_1608Metric,100k,smt,True
101.219,-105.537,180.0,bottom,R23,RC0603FR-07100KL,,R_0603_1608Metric,100k,smt,True
116.459,-95.758,0.0,bottom,R24,RC0603FR-07100KL,,R_0603_1608Metric,100k,smt,True
116.459,-100.711,0.0,bottom,R25,RC0603FR-07100KL,,R_0603_1608Metric,100k,smt,True
101.2444,-98.425,0.0,bottom,R26,RC0603FR-07100KL,,R_0603_1608Metric,100k,smt,True
101.219,-107.188,180.0,bottom,R27,RC0603FR-0722KL,,R_0603_1608Metric,22k,smt,True
116.459,-97.409,0.0,bottom,R28,RC0603FR-0727KL,,R_0603_1608Metric,27k,smt,True
116.459,-102.362,0.0,bottom,R29,RC0603FR-071KL,,R_0603_1608Metric,1k,smt,True
76.454,-71.247,180.0,bottom,R3,RC0603FR-07100KL,,R_0603_1608Metric,100k,smt,True
101.219,-96.7486,0.0,bottom,R30,RC0603FR-07100KL,,R_0603_1608Metric,100k,smt,True
103.505,-119.253,180.0,bottom,R31,RC1210FR-071KL,,R_1210_3225Metric,1k 0.5W,smt,True
109.474,-119.253,180.0,bottom,R32,RC1210FR-071KL,,R_1210_3225Metric,1k 0.5W,smt,True
115.443,-119.253,180.0,bottom,R33,RC1210FR-071KL,,R_1210_3225Metric,1k 0.5W,smt,True
101.219,-103.886,0.0,bottom,R34,RC0603FR-07100KL,,R_0603_1608Metric,100k,smt,True
77.216,-102.235,180.0,bottom,R35,RC0603FR-07100KL,,R_0603_1608Metric,100k,smt,True
77.216,-97.282,180.0,bottom,R36,RC0603FR-07100KL,,R_0603_1608Metric,100k,smt,True
92.202,-105.537,0.0,bottom,R37,RC0603FR-07100KL,,R_0603_1608Metric,100k,smt,True
92.202,-98.425,180.0,bottom,R38,RC0603FR-07100KL,,R_0603_1608Metric,100k,smt,True
77.216,-100.584,180.0,bottom,R39,RC0603FR-0722KL,,R_0603_1608Metric,22k,smt,True
76.454,-74.803,180.0,bottom,R4,RC0603FR-0768KL,,R_0603_1608Metric,68k,smt,True
77.216,-95.631,180.0,bottom,R40,RC0603FR-0727KL,,R_0603_1608Metric,27k,smt,True
92.202,-107.188,180.0,bottom,R41,RC0603FR-071KL,,R_0603_1608Metric,1k,smt,True
92.202,-96.901,180.0,bottom,R42,RC0603FR-07100KL,,R_0603_1608Metric,100k,smt,True
90.043,-119.253,180.0,bottom,R43,RC1210FR-071KL,,R_1210_3225Metric,1k 0.5W,smt,True
84.074,-119.253,180.0,bottom,R44,RC1210FR-071KL,,R_1210_3225Metric,1k 0.5W,smt,True
78.0435,-119.253,180.0,bottom,R45,RC1210FR-071KL,,R_1210_3225Metric,1k 0.5W,smt,True
92.202,-103.886,0.0,bottom,R46,RC0603FR-07100KL,,R_0603_1608Metric,100k,smt,True
89.916,-73.787,180.0,bottom,R5,RC0603FR-0768KL,,R_0603_1608Metric,68k,smt,True
76.454,-69.469,180.0,bottom,R6,RC0603FR-0768KL,,R_0603_1608Metric,68k,smt,True
84.201,-134.747,180.0,bottom,R7,RC0603FR-0710KL,,R_0603_1608Metric,10k,smt,True
84.201,-136.495,180.0,bottom,R8,RC0603FR-0710KL,,R_0603_1608Metric,10k,smt,True
103.124,-65.024,0.0,bottom,R9,RC0603FR-0710KL,,R_0603_1608Metric,10k,smt,True
81.574,-65.024,90.0,top,RV1,A100K,,Potentiometer_Alpha_RD901F-40-00D_Single_Vertical,A100k,tht,True
81.574,-90.424,90.0,top,RV2,A100K,,Potentiometer_Alpha_RD901F-40-00D_Single_Vertical,A100k,tht,True
81.574,-115.824,90.0,top,RV3,A100K,,Potentiometer_Alpha_RD901F-40-00D_Single_Vertical,A100k,tht,True
81.574,-141.224,90.0,top,RV4,A10K DUAL,,Potentiometer_Alpha_RD902F-40-00D_Dual_Vertical,A10K,tht,True
106.974,-65.024,90.0,top,RV5,RD901F-40-00D,,Potentiometer_Alpha_RD901F-40-00D_Single_Vertical,10k,tht,True
106.974,-90.424,90.0,top,RV6,RD901F-40-00D,,Potentiometer_Alpha_RD901F-40-00D_Single_Vertical,10k,tht,True
106.974,-115.824,90.0,top,RV7,RD901F-40-00D,,Potentiometer_Alpha_RD901F-40-00D_Single_Vertical,10k,tht,True
82.804,-71.882,0.0,bottom,U1,TL074CPWR,,TSSOP-14_4.4x5mm_P0.65mm,TL074,smt,True
93.726,-146.177,0.0,bottom,U2,MAX97220CETE+T,,TQFN-16-1EP_3x3mm_P0.5mm_EP1.23x1.23mm,MAX97220C,smt,True
84.074,-99.822,180.0,bottom,U3,TL074CPWR,,TSSOP-14_4.4x5mm_P0.65mm,TL074,smt,True
109.474,-99.822,180.0,bottom,U4,TL074CPWR,,TSSOP-14_4.4x5mm_P0.65mm,TL074,smt,True
96.647,-84.963,90.0,bottom,U5,TL074CPWR,,TSSOP-14_4.4x5mm_P0.65mm,TL074,smt,True
