﻿Designator,Quantity,Value,Footprint,Package,MPN,DNP,Mount_Type,LCSC,MFR
"C1, C13, C14, C2, C3",5,47pF,C_0603_1608Metric,,CC0603JRNPO9BN470,,smt,C105622,YAGEO
"C10, C12, C8, C9",4,1uF,C_0603_1608Metric,,CC0603KRX7R8BB105,,smt,C106858,YAGEO
"C11, C15, C16, C17, C18, C19, C20, C24, C25, C26, C27",11,100nF,C_0603_1608Metric,,CC0603KRX7R9BB104,,smt,C14663,YAGEO
"C21, C22, C23",3,10uF,CP_Elec_5x5.3,,865250442003,,smt,,WURTH
"C4, C5, C6, C7",4,1uF,C_Rect_L7.2mm_W4.5mm_P5.00mm_FKS2_FKP2_MKS2_MKP2,,B32529C0105K189,,tht,C3780718,EPCOS - TDK Electronics
"D1, D10, D11, D2, D3, D4, D8, D9",8,1N4148,D_SOD-323,,1N4148WS-7-F,,smt,C60580,DIODES INC
D12,1,GREEN,LED_D3.0mm,,151031VS04000,Yes,tht,C5478529,WURTH
D13,1,YELLOW,LED_D3.0mm,,151031YS06000,Yes,tht,C5478533,WURTH
D14,1,RED,LED_D3.0mm,,151031SS04000,Yes,tht,C5872577,WURTH
D5,1,GREEN,LED_D3.0mm,,151031VS04000,Yes,tht,C5478529,WURTH
D6,1,YELLOW,LED_D3.0mm,,151031YS06000,Yes,tht,C5478533,WURTH
D7,1,RED,LED_D3.0mm,,151031SS04000,Yes,tht,C5872577,WURTH
J1,1,thonkiconn,thonkiconn,,WQP518MA,Yes,smt,,QINGPU
J2,1,thonkiconn,thonkiconn,,WQP518MA,Yes,smt,,QINGPU
J3,1,thonkiconn,thonkiconn,,WQP518MA,Yes,smt,,QINGPU
J4,1,Conn_01x03,PinHeader_1x03_P2.54mm_Vertical,,,Yes,tht,,
J6,1,euro_power_16,eurorack_16,,3020-16-0100-00,Yes,tht,,CNC Tech
"R1, R15, R16, R17, R18, R19, R2, R20, R21, R22, R23, R24, R25, R26, R3, R30, R34, R35, R36, R37, R38, R42, R46",23,100k,R_0603_1608Metric,,RC0603FR-07100KL,,smt,C14675,RC0603FR-07100KL
"R10, R11, R12, R13, R14, R9",6,10k,R_0603_1608Metric,,RC0603FR-0710KL,,smt,C98220,YAGEO
"R27, R39",2,22k,R_0603_1608Metric,,RC0603FR-0722KL,,smt,C114065,YAGEO
"R28, R40",2,27k,R_0603_1608Metric,,RC0603FR-0727KL,,smt,C114614,YAGEO
"R29, R41",2,1k,R_0603_1608Metric,,RC0603FR-071KL,,smt,C22548,YAGEO
"R31, R32, R33, R43, R44, R45",6,1k 0.5W,R_1210_3225Metric,,RC1210FR-071KL,,smt,C83144,YAGEO
"R4, R5, R6",3,68k,R_0603_1608Metric,,RC0603FR-0768KL,,smt,C114633,YAGEO
R7,1,10k,R_0603_1608Metric,,RC0603FR-0710KL,Yes,smt,C98220,YAGEO
R8,1,10k,R_0603_1608Metric,,RC0603FR-0710KL,Yes,smt,C98220,YAGEO
RV1,1,A100k,Potentiometer_Alpha_RD901F-40-00D_Single_Vertical,,A100K,Yes,tht,,ALPHA
RV2,1,A100k,Potentiometer_Alpha_RD901F-40-00D_Single_Vertical,,A100K,Yes,tht,,ALPHA
RV3,1,A100k,Potentiometer_Alpha_RD901F-40-00D_Single_Vertical,,A100K,Yes,tht,,ALPHA
RV4,1,A10K,Potentiometer_Alpha_RD902F-40-00D_Dual_Vertical,,A10K DUAL,Yes,tht,,ALPHA
RV5,1,10k,Potentiometer_Alpha_RD901F-40-00D_Single_Vertical,,RD901F-40-00D,Yes,tht,,ALPHA
RV6,1,10k,Potentiometer_Alpha_RD901F-40-00D_Single_Vertical,,RD901F-40-00D,Yes,tht,,ALPHA
RV7,1,10k,Potentiometer_Alpha_RD901F-40-00D_Single_Vertical,,RD901F-40-00D,Yes,tht,,ALPHA
"U1, U3, U4, U5",4,TL074,TSSOP-14_4.4x5mm_P0.65mm,,TL074CPWR,,smt,C96507,TI
U2,1,MAX97220C,TQFN-16-1EP_3x3mm_P0.5mm_EP1.23x1.23mm,,MAX97220CETE+T,,smt,C7452036,Analog Devices
