﻿pos_x,pos_y,rotation,side,designator,mpn,pack,footprint,value,mount_type,place
128.27,-63.881,180.0,bottom,C1,CC0603JRNPO9BN470,,C_0603_1608Metric,47pF,smt,True
132.2655,-112.985,0.0,bottom,C10,865250442003,,CP_Elec_5x5.3,10uF,smt,True
133.2815,-127.463,180.0,bottom,C11,865250442003,,CP_Elec_5x5.3,10uF,smt,True
135.89,-60.325,180.0,bottom,C12,CC0603KRX7R9BB104,,C_0603_1608Metric,100nF,smt,True
135.89,-70.993,180.0,bottom,C13,CC0603KRX7R9BB104,,C_0603_1608Metric,100nF,smt,True
136.398,-96.393,0.0,bottom,C14,CC0603KRX7R9BB104,,C_0603_1608Metric,100nF,smt,True
135.89,-85.725,0.0,bottom,C15,CC0603KRX7R9BB104,,C_0603_1608Metric,100nF,smt,True
143.51,-69.215,0.0,bottom,C2,CC0603JRNPO9BN470,,C_0603_1608Metric,47pF,smt,True
127.508,-92.837,180.0,bottom,C3,CC0603JRNPO9BN470,,C_0603_1608Metric,47pF,smt,True
128.257,-70.993,180.0,bottom,C4,CC0603JRNPO9BN470,,C_0603_1608Metric,47pF,smt,True
143.51,-60.325,0.0,bottom,C5,CC0603JRNPO9BN470,,C_0603_1608Metric,47pF,smt,True
127.508,-85.725,180.0,bottom,C6,CC0603JRNPO9BN470,,C_0603_1608Metric,47pF,smt,True
143.256,-85.725,0.0,bottom,C7,CC0603JRNPO9BN470,,C_0603_1608Metric,47pF,smt,True
154.5,-87.5,-90.0,bottom,C8,B32529D0225K000,,C_Rect_L7.2mm_W4.5mm_P5.00mm_FKS2_FKP2_MKS2_MKP2,2.2uF,tht,True
143.256,-98.171,180.0,bottom,C9,CC0603JRNPO9BN470,,C_0603_1608Metric,47pF,smt,True
124.46,-115.189,180.0,bottom,D1,MBR0530T1G,,D_SOD-123,MBR0530,smt,True
126.238,-128.397,0.0,bottom,D2,MBR0530T1G,,D_SOD-123,MBR0530,smt,True
120.2035,-135.255,-90.0,top,J1,WQP518MA,,thonkiconn,thonkiconn,smt,True
135.7885,-135.255,90.0,top,J2,WQP518MA,,thonkiconn,thonkiconn,smt,True
151.5665,-135.21,90.0,top,J3,WQP518MA,,thonkiconn,thonkiconn,smt,True
120.2335,-147.955,-90.0,top,J4,WQP518MA,,thonkiconn,thonkiconn,smt,True
135.7885,-147.955,90.0,top,J5,WQP518MA,,thonkiconn,thonkiconn,smt,True
151.5365,-147.91,90.0,top,J6,WQP518MA,,thonkiconn,thonkiconn,smt,True
121.39,-111.249,180.0,bottom,J7,302-S101,,eurorack_10,euro_power_10,tht,True
128.27,-60.325,0.0,bottom,R1,RC0603FR-07100KL,,R_0603_1608Metric,100k,smt,True
143.51,-63.881,180.0,bottom,R10,RC0603FR-0724KL,,R_0603_1608Metric,24k,smt,True
128.27,-67.437,0.0,bottom,R11,RC0603FR-0724KL,,R_0603_1608Metric,24k,smt,True
127.508,-89.281,0.0,bottom,R12,RC0603FR-0724KL,,R_0603_1608Metric,24k,smt,True
128.27,-69.215,180.0,bottom,R13,RC0603FR-0710KL,,R_0603_1608Metric,10k,smt,True
143.51,-62.103,0.0,bottom,R14,RC0603FR-0710KL,,R_0603_1608Metric,10k,smt,True
127.508,-87.503,180.0,bottom,R15,RC0603FR-0710KL,,R_0603_1608Metric,10k,smt,True
125.222,-142.875,-90.0,bottom,R16,RC1210FR-071KL,,R_1210_3225Metric,1k 0.5W,smt,True
130.81,-142.875,-90.0,bottom,R17,RC1210FR-071KL,,R_1210_3225Metric,1k 0.5W,smt,True
143.256,-89.281,180.0,bottom,R18,RC0603FR-07100KL,,R_0603_1608Metric,100k,smt,True
143.256,-91.059,180.0,bottom,R19,RC0603FR-07100KL,,R_0603_1608Metric,100k,smt,True
143.51,-70.993,180.0,bottom,R2,RC0603FR-07100KL,,R_0603_1608Metric,100k,smt,True
143.256,-92.837,180.0,bottom,R20,RC0603FR-07100KL,,R_0603_1608Metric,100k,smt,True
143.256,-87.503,0.0,bottom,R21,RC0603FR-0724KL,,R_0603_1608Metric,24k,smt,True
143.256,-94.615,180.0,bottom,R22,RC0603FR-0724KL,,R_0603_1608Metric,24k,smt,True
143.256,-96.393,180.0,bottom,R23,RC0603FR-07100KL,,R_0603_1608Metric,100k,smt,True
146.558,-142.875,-90.0,bottom,R24,RC1210FR-071KL,,R_1210_3225Metric,1k 0.5W,smt,True
127.508,-96.393,0.0,bottom,R3,RC0603FR-07100KL,,R_0603_1608Metric,100k,smt,True
128.27,-62.103,180.0,bottom,R4,RC0603FR-07100KL,,R_0603_1608Metric,100k,smt,True
143.51,-67.437,0.0,bottom,R5,RC0603FR-07100KL,,R_0603_1608Metric,100k,smt,True
127.508,-94.615,180.0,bottom,R6,RC0603FR-07100KL,,R_0603_1608Metric,100k,smt,True
128.27,-65.659,0.0,bottom,R7,RC0603FR-0710KL,,R_0603_1608Metric,10k,smt,True
143.51,-65.659,180.0,bottom,R8,RC0603FR-0710KL,,R_0603_1608Metric,10k,smt,True
127.508,-91.059,0.0,bottom,R9,RC0603FR-0710KL,,R_0603_1608Metric,10k,smt,True
120.69,-58.293,90.0,top,RV1,RD901F-40-00D,,Potentiometer_Alpha_RD901F-40-00D_Single_Vertical,10k,tht,True
120.69,-83.693,90.0,top,RV2,RD901F-40-00D,,Potentiometer_Alpha_RD901F-40-00D_Single_Vertical,10k,tht,True
120.69,-109.093,90.0,top,RV3,RD901F-40-00D,,Potentiometer_Alpha_RD901F-40-00D_Single_Vertical,10k,tht,True
146.09,-58.293,90.0,top,RV4,RD901F-40-00D,,Potentiometer_Alpha_RD901F-40-00D_Single_Vertical,10k,tht,True
146.09,-83.693,90.0,top,RV5,RD901F-40-00D,,Potentiometer_Alpha_RD901F-40-00D_Single_Vertical,10k,tht,True
146.09,-109.093,90.0,top,RV6,RD901F-40-00D,,Potentiometer_Alpha_RD901F-40-00D_Single_Vertical,10k,tht,True
135.89,-121.113,90.0,top,SW1,DWB1,,Mini_sw,SW_ON_ON_SPDT_MINI,tht,True
135.89,-65.659,0.0,bottom,U1,TL074CPWR,,TSSOP-14_4.4x5mm_P0.65mm,TL074,smt,True
135.89,-91.567,180.0,bottom,U2,TL074CPWR,,TSSOP-14_4.4x5mm_P0.65mm,TL074,smt,True
