﻿Designator,Quantity,Value,Footprint,Package,MPN,DNP,Mount_Type,LCSC,MFR,Description
"C1, C2, C3, C4, C5, C6, C7, C9",8,47pF,C_0603_1608Metric,,CC0603JRNPO9BN470,,smt,C105622,YAGEO,
"C10, C11",2,10uF,CP_Elec_5x5.3,,865250442003,,smt,,WURTH,
"C12, C13, C14, C15",4,100nF,C_0603_1608Metric,,CC0603KRX7R9BB104,,smt,C14663,YAGEO,
C8,1,2.2uF,C_Rect_L7.2mm_W4.5mm_P5.00mm_FKS2_FKP2_MKS2_MKP2,,B32529D0225K000,,tht,C3780718,EPCOS TDK,CAP FILM 2.2UF 10% 63VDC RADIAL
"D1, D2",2,MBR0530,D_SOD-123,,MBR0530T1G,,smt,C82046,ONSEMI,
J1,1,thonkiconn,thonkiconn,,WQP518MA,Yes,smt,,QINGPU,
J2,1,thonkiconn,thonkiconn,,WQP518MA,Yes,smt,,QINGPU,
J3,1,thonkiconn,thonkiconn,,WQP518MA,Yes,smt,,QINGPU,
J4,1,thonkiconn,thonkiconn,,WQP518MA,Yes,smt,,QINGPU,
J5,1,thonkiconn,thonkiconn,,WQP518MA,Yes,smt,,QINGPU,
J6,1,thonkiconn,thonkiconn,,WQP518MA,,smt,,QINGPU,
J7,1,euro_power_10,eurorack_10,,302-S101,Yes,tht,,On Shore Technologies,
"R1, R18, R19, R2, R20, R23, R3, R4, R5, R6",10,100k,R_0603_1608Metric,,RC0603FR-07100KL,,smt,C14675,RC0603FR-07100KL,
"R10, R11, R12, R21, R22",5,24k,R_0603_1608Metric,,RC0603FR-0724KL,,smt, C137760,YAGEO,
"R13, R14, R15, R7, R8, R9",6,10k,R_0603_1608Metric,,RC0603FR-0710KL,,smt,C98220,YAGEO,
"R16, R17, R24",3,1k 0.5W,R_1210_3225Metric,,RC1210FR-071KL,,smt,C83144,YAGEO,
RV1,1,10k,Potentiometer_Alpha_RD901F-40-00D_Single_Vertical,,RD901F-40-00D,Yes,tht,,ALPHA,
RV2,1,10k,Potentiometer_Alpha_RD901F-40-00D_Single_Vertical,,RD901F-40-00D,Yes,tht,,ALPHA,
RV3,1,10k,Potentiometer_Alpha_RD901F-40-00D_Single_Vertical,,RD901F-40-00D,Yes,tht,,ALPHA,
RV4,1,10k,Potentiometer_Alpha_RD901F-40-00D_Single_Vertical,,RD901F-40-00D,Yes,tht,,ALPHA,
RV5,1,10k,Potentiometer_Alpha_RD901F-40-00D_Single_Vertical,,RD901F-40-00D,Yes,tht,,ALPHA,
RV6,1,10k,Potentiometer_Alpha_RD901F-40-00D_Single_Vertical,,RD901F-40-00D,Yes,tht,,ALPHA,
SW1,1,SW_ON_ON_SPDT_MINI,Mini_sw,,DWB1,Yes,tht,,DAILYWELL,
"U1, U2",2,TL074,TSSOP-14_4.4x5mm_P0.65mm,,TL074CPWR,,smt,C96507,TI,
